query_id,rank,candidate_id,similarity_score
11605,1,31874,0.8248685598373413
11605,2,36874,0.8224464654922485
11605,3,7539,0.8196669816970825
11605,4,1365,0.8196256160736084
11605,5,4754,0.8182772397994995
11605,6,13406,0.8157998919487
11605,7,2956,0.8150995373725891
11605,8,7466,0.8150132894515991
11605,9,9853,0.8143510818481445
11605,10,35080,0.8143365979194641
11605,11,36536,0.8139947056770325
11605,12,421,0.8137580752372742
11605,13,25244,0.8136229515075684
11605,14,14802,0.813404381275177
11605,15,3910,0.8123542666435242
11605,16,29625,0.8111478090286255
11605,17,249,0.8111222386360168
11605,18,28549,0.8110518455505371
11605,19,23144,0.8106287717819214
11605,20,1809,0.8088399171829224
11605,21,35864,0.8087475895881653
11605,22,32092,0.8081676363945007
11605,23,9598,0.8052939176559448
11605,24,31114,0.8039236068725586
11605,25,28031,0.8031049370765686
11605,26,24498,0.8021303415298462
11605,27,819,0.7948753833770752
11605,28,37977,0.7922728657722473
11605,29,37035,0.791395902633667
11605,30,28259,0.7894684672355652
11605,31,34407,0.3270606994628906
37977,1,36874,0.823866605758667
37977,2,31874,0.8173415064811707
37977,3,32092,0.8165372610092163
37977,4,14802,0.8154329061508179
37977,5,7539,0.8150923252105713
37977,6,23144,0.8150641918182373
37977,7,13406,0.8142814040184021
37977,8,35080,0.8142110109329224
37977,9,2956,0.8128660321235657
37977,10,1809,0.8126893639564514
37977,11,7466,0.8126834034919739
37977,12,29625,0.812495231628418
37977,13,28549,0.8121019601821899
37977,14,249,0.812096893787384
37977,15,37035,0.811860978603363
37977,16,1365,0.8086116313934326
37977,17,3910,0.8083902597427368
37977,18,36536,0.8079256415367126
37977,19,25244,0.8074353933334351
37977,20,421,0.8071200251579285
37977,21,31114,0.806273877620697
37977,22,9853,0.806236743927002
37977,23,28031,0.8052957057952881
37977,24,28259,0.8050544261932373
37977,25,4754,0.8048157691955566
37977,26,35864,0.8047528862953186
37977,27,9598,0.8009724020957947
37977,28,24498,0.798103928565979
37977,29,819,0.7914473414421082
37977,30,11605,0.7858994603157043
37977,31,34407,0.2559937536716461
35864,1,36874,0.8148535490036011
35864,2,28549,0.8135179877281189
35864,3,36536,0.8122236728668213
35864,4,7539,0.8119252324104309
35864,5,4754,0.810529351234436
35864,6,421,0.8068320155143738
35864,7,14802,0.803961992263794
35864,8,25244,0.8037074208259583
35864,9,29625,0.8025289177894592
35864,10,7466,0.8016330599784851
35864,11,1809,0.8003390431404114
35864,12,13406,0.799092710018158
35864,13,1365,0.7985347509384155
35864,14,35080,0.7971259355545044
35864,15,32092,0.795526921749115
35864,16,31874,0.7945455312728882
35864,17,3910,0.7928219437599182
35864,18,9853,0.7912073135375977
35864,19,37035,0.7905091643333435
35864,20,2956,0.7876266837120056
35864,21,23144,0.7875441908836365
35864,22,11605,0.7868461608886719
35864,23,24498,0.7865345478057861
35864,24,9598,0.7830413579940796
35864,25,819,0.7809330224990845
35864,26,249,0.7801723480224609
35864,27,28259,0.7741314172744751
35864,28,31114,0.7732259035110474
35864,29,28031,0.7682496309280396
35864,30,37977,0.7631255388259888
35864,31,34407,0.2532925307750702
37035,1,36874,0.8143478631973267
37035,2,28549,0.8121917247772217
37035,3,7539,0.8096056580543518
37035,4,29625,0.8092288374900818
37035,5,4754,0.807971179485321
37035,6,13406,0.8078501224517822
37035,7,35864,0.8075809478759766
37035,8,1809,0.805107593536377
37035,9,36536,0.8046183586120605
37035,10,23144,0.8044522404670715
37035,11,14802,0.803989052772522
37035,12,1365,0.8038097023963928
37035,13,35080,0.803598165512085
37035,14,31874,0.8030272126197815
37035,15,421,0.8020071983337402
37035,16,7466,0.8011442422866821
37035,17,2956,0.7995219230651855
37035,18,25244,0.7987308502197266
37035,19,9853,0.7982144951820374
37035,20,3910,0.7966887950897217
37035,21,9598,0.7964373826980591
37035,22,28259,0.7939025163650513
37035,23,37977,0.7928743362426758
37035,24,32092,0.789511501789093
37035,25,24498,0.7860224843025208
37035,26,249,0.7839023470878601
37035,27,819,0.7803292274475098
37035,28,31114,0.7794405221939087
37035,29,28031,0.7754402160644531
37035,30,11605,0.7743123769760132
37035,31,34407,0.22413982450962067
3910,1,7539,0.8186076879501343
3910,2,4754,0.8128485679626465
3910,3,421,0.8106969594955444
3910,4,36874,0.8106010556221008
3910,5,1365,0.8070372343063354
3910,6,14802,0.8068946003913879
3910,7,7466,0.8020239472389221
3910,8,13406,0.7984648942947388
3910,9,36536,0.7972133755683899
3910,10,29625,0.7968816161155701
3910,11,1809,0.7957797646522522
3910,12,249,0.7953954339027405
3910,13,35080,0.7946457862854004
3910,14,2956,0.7938984632492065
3910,15,23144,0.7915074825286865
3910,16,25244,0.7895145416259766
3910,17,31874,0.7893692851066589
3910,18,28549,0.7889635562896729
3910,19,28259,0.7889171838760376
3910,20,9853,0.7882834672927856
3910,21,32092,0.7880901098251343
3910,22,35864,0.7852730751037598
3910,23,9598,0.7835049629211426
3910,24,11605,0.7791379690170288
3910,25,24498,0.7784567475318909
3910,26,28031,0.776136577129364
3910,27,37035,0.7740538716316223
3910,28,31114,0.7736031413078308
3910,29,37977,0.7706717848777771
3910,30,819,0.7664626836776733
3910,31,34407,0.2853033244609833
36536,1,36874,0.815406322479248
36536,2,4754,0.814316987991333
36536,3,7539,0.8112419247627258
36536,4,35864,0.8087410926818848
36536,5,28549,0.8072614073753357
36536,6,421,0.8043992519378662
36536,7,35080,0.8032246232032776
36536,8,14802,0.8032075762748718
36536,9,3910,0.8030732274055481
36536,10,29625,0.8024827837944031
36536,11,13406,0.798217236995697
36536,12,25244,0.7975540161132812
36536,13,1365,0.7975263595581055
36536,14,1809,0.7970800995826721
36536,15,7466,0.7966815829277039
36536,16,23144,0.796128511428833
36536,17,31874,0.7960561513900757
36536,18,2956,0.7937877178192139
36536,19,32092,0.7908889651298523
36536,20,9853,0.7898464798927307
36536,21,9598,0.7889267206192017
36536,22,37035,0.7886083722114563
36536,23,249,0.7885658740997314
36536,24,11605,0.7848883867263794
36536,25,28031,0.7829356789588928
36536,26,819,0.7828282117843628
36536,27,28259,0.7825286984443665
36536,28,31114,0.7801401615142822
36536,29,24498,0.7751063108444214
36536,30,37977,0.7730925679206848
36536,31,34407,0.3006085157394409
25244,1,36874,0.8147038221359253
25244,2,7539,0.8127070069313049
25244,3,36536,0.8116487264633179
25244,4,35864,0.8076005578041077
25244,5,4754,0.807591438293457
25244,6,7466,0.807528018951416
25244,7,28549,0.8043562769889832
25244,8,29625,0.8042826056480408
25244,9,1365,0.8042629957199097
25244,10,421,0.8038768172264099
25244,11,35080,0.8022090196609497
25244,12,9853,0.8021222352981567
25244,13,13406,0.8001435399055481
25244,14,3910,0.7998794317245483
25244,15,1809,0.7996727824211121
25244,16,32092,0.7989417910575867
25244,17,9598,0.7974650263786316
25244,18,14802,0.7972063422203064
25244,19,31874,0.7964658141136169
25244,20,2956,0.7950905561447144
25244,21,11605,0.794700562953949
25244,22,23144,0.7924365997314453
25244,23,28259,0.7914047837257385
25244,24,37035,0.7911310195922852
25244,25,31114,0.789643406867981
25244,26,819,0.7869138121604919
25244,27,249,0.7852506041526794
25244,28,24498,0.7833991646766663
25244,29,28031,0.7812055945396423
25244,30,37977,0.7756221294403076
25244,31,34407,0.2742154002189636
28549,1,36874,0.8107970356941223
28549,2,35864,0.8085743188858032
28549,3,7539,0.8079785108566284
28549,4,4754,0.8067052364349365
28549,5,36536,0.8047596216201782
28549,6,14802,0.8043944239616394
28549,7,29625,0.8009397983551025
28549,8,9598,0.7988545298576355
28549,9,13406,0.7986316680908203
28549,10,37035,0.798214316368103
28549,11,31874,0.7979729175567627
28549,12,421,0.7977526783943176
28549,13,1365,0.7976996302604675
28549,14,35080,0.7956362962722778
28549,15,3910,0.7949184775352478
28549,16,7466,0.7936519980430603
28549,17,25244,0.7934378981590271
28549,18,2956,0.7914320230484009
28549,19,23144,0.7914133071899414
28549,20,1809,0.7913419008255005
28549,21,32092,0.7898373007774353
28549,22,9853,0.7880052924156189
28549,23,28031,0.7854035496711731
28549,24,11605,0.7834792137145996
28549,25,819,0.7826962471008301
28549,26,24498,0.7809789776802063
28549,27,249,0.780529260635376
28549,28,28259,0.7773222923278809
28549,29,37977,0.7714275121688843
28549,30,31114,0.7681777477264404
28549,31,34407,0.2551724314689636
1809,1,421,0.8277984857559204
1809,2,14802,0.8263029456138611
1809,3,7539,0.8257074952125549
1809,4,1365,0.8226702213287354
1809,5,13406,0.8198720216751099
1809,6,4754,0.8171911835670471
1809,7,24498,0.8167023658752441
1809,8,36874,0.815423309803009
1809,9,7466,0.8114083409309387
1809,10,31874,0.8110535740852356
1809,11,35080,0.8083926439285278
1809,12,23144,0.8080503940582275
1809,13,3910,0.8078466057777405
1809,14,36536,0.8073923587799072
1809,15,249,0.8061371445655823
1809,16,28549,0.8054723143577576
1809,17,35864,0.8046878576278687
1809,18,25244,0.8037393689155579
1809,19,37035,0.8024389147758484
1809,20,9853,0.8009551167488098
1809,21,32092,0.7990491390228271
1809,22,29625,0.7986461520195007
1809,23,9598,0.7977353930473328
1809,24,11605,0.7971458435058594
1809,25,28259,0.7956616878509521
1809,26,819,0.7950085401535034
1809,27,2956,0.7949823141098022
1809,28,37977,0.7938674092292786
1809,29,31114,0.7907438278198242
1809,30,28031,0.785744845867157
1809,31,34407,0.2857583165168762
29625,1,36874,0.8090601563453674
29625,2,7539,0.8054469227790833
29625,3,4754,0.8028386831283569
29625,4,14802,0.8019548058509827
29625,5,1365,0.799513578414917
29625,6,13406,0.7981669306755066
29625,7,7466,0.7976412773132324
29625,8,421,0.7967748045921326
29625,9,36536,0.7952693104743958
29625,10,3910,0.794999361038208
29625,11,28549,0.794804573059082
29625,12,35864,0.7920963168144226
29625,13,35080,0.7893190383911133
29625,14,1809,0.788743793964386
29625,15,9853,0.7878550887107849
29625,16,25244,0.7878287434577942
29625,17,31874,0.787600576877594
29625,18,2956,0.7864386439323425
29625,19,32092,0.7860451936721802
29625,20,28259,0.7839137315750122
29625,21,9598,0.7828541398048401
29625,22,23144,0.7810582518577576
29625,23,37035,0.7807456851005554
29625,24,11605,0.7780110836029053
29625,25,249,0.7748662829399109
29625,26,24498,0.7748349905014038
29625,27,28031,0.7699856758117676
29625,28,31114,0.7692312002182007
29625,29,37977,0.7664737105369568
29625,30,819,0.7623260617256165
29625,31,34407,0.23364131152629852
2956,1,249,0.8162016272544861
2956,2,7539,0.8145583271980286
2956,3,36874,0.8133436441421509
2956,4,1365,0.810788631439209
2956,5,14802,0.810562014579773
2956,6,23144,0.8101601004600525
2956,7,421,0.8096519112586975
2956,8,3910,0.809160053730011
2956,9,29625,0.8082652688026428
2956,10,4754,0.8080458045005798
2956,11,13406,0.8071929812431335
2956,12,36536,0.8062083721160889
2956,13,7466,0.8061014413833618
2956,14,31874,0.8056184649467468
2956,15,28549,0.8026525974273682
2956,16,28031,0.7994659543037415
2956,17,32092,0.7989769577980042
2956,18,9853,0.7987921237945557
2956,19,35080,0.7982314825057983
2956,20,35864,0.797443687915802
2956,21,1809,0.7965059280395508
2956,22,25244,0.7953243851661682
2956,23,11605,0.7931884527206421
2956,24,31114,0.790962815284729
2956,25,37977,0.788420557975769
2956,26,9598,0.7839694023132324
2956,27,24498,0.7831843495368958
2956,28,37035,0.7828877568244934
2956,29,28259,0.7820982336997986
2956,30,819,0.7780384421348572
2956,31,34407,0.29212039709091187
249,1,421,0.8311987519264221
249,2,7539,0.8302487730979919
249,3,14802,0.8239439129829407
249,4,1365,0.8189376592636108
249,5,4754,0.817581832408905
249,6,3910,0.8159823417663574
249,7,36874,0.8139966726303101
249,8,23144,0.8133209943771362
249,9,13406,0.8130955696105957
249,10,1809,0.8118349313735962
249,11,2956,0.8109427690505981
249,12,7466,0.8060914278030396
249,13,36536,0.8056511878967285
249,14,35080,0.8035986423492432
249,15,28031,0.80332350730896
249,16,35864,0.7997824549674988
249,17,28549,0.7993552088737488
249,18,29625,0.797867476940155
249,19,9853,0.7976626753807068
249,20,25244,0.7970969080924988
249,21,9598,0.7937408685684204
249,22,31874,0.7932440638542175
249,23,24498,0.7928593754768372
249,24,31114,0.7923906445503235
249,25,32092,0.7880744338035583
249,26,37977,0.7878905534744263
249,27,28259,0.7852329611778259
249,28,11605,0.7830387949943542
249,29,819,0.7799611687660217
249,30,37035,0.7766104340553284
249,31,34407,0.3132205307483673
24498,1,14802,0.8278626203536987
24498,2,1809,0.8264025449752808
24498,3,7539,0.8256509304046631
24498,4,1365,0.8243163228034973
24498,5,13406,0.8203247785568237
24498,6,421,0.8197202086448669
24498,7,36874,0.8125666975975037
24498,8,31874,0.8118724822998047
24498,9,7466,0.8099856376647949
24498,10,28549,0.8086636066436768
24498,11,23144,0.8067891597747803
24498,12,35080,0.806670606136322
24498,13,35864,0.8056113719940186
24498,14,29625,0.804693341255188
24498,15,249,0.8042505383491516
24498,16,32092,0.8041298985481262
24498,17,4754,0.8034025430679321
24498,18,9853,0.8031250834465027
24498,19,37035,0.8004210591316223
24498,20,36536,0.7992124557495117
24498,21,25244,0.7990087270736694
24498,22,11605,0.7982580065727234
24498,23,2956,0.7966830134391785
24498,24,3910,0.7961395978927612
24498,25,31114,0.7916449308395386
24498,26,9598,0.7889851331710815
24498,27,28031,0.7879520058631897
24498,28,28259,0.7873474955558777
24498,29,37977,0.7870185375213623
24498,30,819,0.7867905497550964
24498,31,34407,0.2670879662036896
32092,1,31874,0.8236249685287476
32092,2,7539,0.8172929883003235
32092,3,36874,0.8163148164749146
32092,4,7466,0.8134015202522278
32092,5,29625,0.8098927736282349
32092,6,14802,0.8094819784164429
32092,7,35080,0.8085318207740784
32092,8,28549,0.8080247640609741
32092,9,1809,0.807902991771698
32092,10,1365,0.8068456649780273
32092,11,421,0.8067913055419922
32092,12,13406,0.8066245317459106
32092,13,9853,0.8063936829566956
32092,14,4754,0.8060876727104187
32092,15,36536,0.8059948682785034
32092,16,2956,0.8044211864471436
32092,17,35864,0.8041625618934631
32092,18,3910,0.8038202524185181
32092,19,24498,0.8036803603172302
32092,20,25244,0.8027851581573486
32092,21,37035,0.8013966679573059
32092,22,23144,0.7990883588790894
32092,23,31114,0.7962573766708374
32092,24,11605,0.7958584427833557
32092,25,28031,0.7929356694221497
32092,26,249,0.7890860438346863
32092,27,9598,0.7874701619148254
32092,28,28259,0.7857950329780579
32092,29,819,0.7783124446868896
32092,30,37977,0.7778398394584656
32092,31,34407,0.23547282814979553
14802,1,7539,0.8225835561752319
14802,2,13406,0.8182624578475952
14802,3,421,0.8161981701850891
14802,4,1365,0.8134071230888367
14802,5,36874,0.8088350892066956
14802,6,4754,0.8044592142105103
14802,7,1809,0.804294764995575
14802,8,249,0.8003302812576294
14802,9,3910,0.79944908618927
14802,10,35080,0.797273576259613
14802,11,29625,0.7954280972480774
14802,12,7466,0.7948678731918335
14802,13,28549,0.7940037846565247
14802,14,24498,0.7933492064476013
14802,15,36536,0.7923814058303833
14802,16,23144,0.7920804023742676
14802,17,35864,0.78782057762146
14802,18,32092,0.7868471741676331
14802,19,2956,0.7852585315704346
14802,20,31874,0.784034788608551
14802,21,9598,0.7832741737365723
14802,22,31114,0.7829030156135559
14802,23,9853,0.7825838923454285
14802,24,25244,0.7823472023010254
14802,25,28031,0.7809937000274658
14802,26,37035,0.778847873210907
14802,27,28259,0.7787176966667175
14802,28,37977,0.773219883441925
14802,29,11605,0.7723554372787476
14802,30,819,0.7668912410736084
14802,31,34407,0.2672449052333832
34407,1,23144,0.8633033633232117
34407,2,35080,0.8569642305374146
34407,3,2956,0.8542327284812927
34407,4,31874,0.8515170216560364
34407,5,32092,0.8474180102348328
34407,6,29625,0.8449158072471619
34407,7,3910,0.8431214690208435
34407,8,24498,0.8423215746879578
34407,9,28031,0.8421873450279236
34407,10,4754,0.8409527540206909
34407,11,28259,0.8409444093704224
34407,12,37977,0.8396914601325989
34407,13,421,0.8340886235237122
34407,14,11605,0.8332764506340027
34407,15,36536,0.8332432508468628
34407,16,7466,0.8325937390327454
34407,17,249,0.8301568627357483
34407,18,7539,0.8279902338981628
34407,19,31114,0.8265336155891418
34407,20,1365,0.8258802890777588
34407,21,819,0.8241683840751648
34407,22,13406,0.822600781917572
34407,23,25244,0.8220874071121216
34407,24,36874,0.8208208680152893
34407,25,9853,0.8195801973342896
34407,26,14802,0.8151140809059143
34407,27,9598,0.807441234588623
34407,28,1809,0.8064338564872742
34407,29,35864,0.806278645992279
34407,30,28549,0.7838115096092224
34407,31,37035,0.77470463514328
4754,1,7539,0.8182151317596436
4754,2,421,0.8091792464256287
4754,3,36874,0.8086593151092529
4754,4,14802,0.804269015789032
4754,5,1365,0.8035380840301514
4754,6,3910,0.8021462559700012
4754,7,36536,0.7978304624557495
4754,8,29625,0.7965341806411743
4754,9,7466,0.7961402535438538
4754,10,28549,0.7956638336181641
4754,11,13406,0.7953952550888062
4754,12,35864,0.7952545285224915
4754,13,1809,0.794590413570404
4754,14,35080,0.7882810235023499
4754,15,25244,0.7832368612289429
4754,16,2956,0.7824258804321289
4754,17,23144,0.7815532684326172
4754,18,31874,0.7807677388191223
4754,19,249,0.7800652384757996
4754,20,37035,0.780052125453949
4754,21,9598,0.7785083651542664
4754,22,32092,0.7762820720672607
4754,23,9853,0.7761175632476807
4754,24,28259,0.771327555179596
4754,25,24498,0.767535388469696
4754,26,11605,0.7673871517181396
4754,27,819,0.7603410482406616
4754,28,31114,0.7582688331604004
4754,29,37977,0.7581419348716736
4754,30,28031,0.7559664249420166
4754,31,34407,0.26935213804244995
23144,1,7539,0.8252885937690735
23144,2,421,0.8221386671066284
23144,3,1365,0.8214582800865173
23144,4,249,0.8196830153465271
23144,5,14802,0.8180801272392273
23144,6,31874,0.8178984522819519
23144,7,36874,0.8178688883781433
23144,8,2956,0.8154074549674988
23144,9,36536,0.8153337240219116
23144,10,13406,0.8139126896858215
23144,11,3910,0.8123602271080017
23144,12,4754,0.8116722702980042
23144,13,35080,0.8086426258087158
23144,14,9853,0.8083949685096741
23144,15,29625,0.8081033825874329
23144,16,28549,0.8069753646850586
23144,17,1809,0.8067474365234375
23144,18,7466,0.805857241153717
23144,19,25244,0.8049647808074951
23144,20,24498,0.8047736883163452
23144,21,28031,0.8033487796783447
23144,22,35864,0.8033092617988586
23144,23,32092,0.8026349544525146
23144,24,11605,0.8019310235977173
23144,25,37977,0.8011051416397095
23144,26,9598,0.8008694052696228
23144,27,37035,0.8000926375389099
23144,28,819,0.797935962677002
23144,29,28259,0.7974596619606018
23144,30,31114,0.7924607396125793
23144,31,34407,0.3212178945541382
13406,1,14802,0.8272989392280579
13406,2,7539,0.823502779006958
13406,3,421,0.813788890838623
13406,4,1809,0.812340497970581
13406,5,36874,0.8109112977981567
13406,6,1365,0.8084419369697571
13406,7,4754,0.8083162903785706
13406,8,3910,0.8026446104049683
13406,9,28549,0.8012029528617859
13406,10,35080,0.8005414009094238
13406,11,29625,0.7994583249092102
13406,12,7466,0.7989604473114014
13406,13,249,0.7975307106971741
13406,14,36536,0.7972654104232788
13406,15,31874,0.7967996001243591
13406,16,23144,0.7962995171546936
13406,17,35864,0.7927160263061523
13406,18,37035,0.792320191860199
13406,19,24498,0.7915988564491272
13406,20,28259,0.7915889024734497
13406,21,2956,0.7906395196914673
13406,22,9853,0.7895421981811523
13406,23,31114,0.7895177006721497
13406,24,32092,0.7881262302398682
13406,25,9598,0.7880841493606567
13406,26,25244,0.7847558259963989
13406,27,37977,0.7827836275100708
13406,28,28031,0.7812008261680603
13406,29,11605,0.776278018951416
13406,30,819,0.771224319934845
13406,31,34407,0.23726637661457062
28031,1,36874,0.8189606070518494
28031,2,249,0.8180890083312988
28031,3,9598,0.8178949356079102
28031,4,28549,0.8142995238304138
28031,5,14802,0.8139500617980957
28031,6,7539,0.8138893246650696
28031,7,2956,0.8132840991020203
28031,8,36536,0.8125374913215637
28031,9,13406,0.8118175268173218
28031,10,3910,0.8087283372879028
28031,11,35080,0.8072100877761841
28031,12,23144,0.807096540927887
28031,13,29625,0.8062540292739868
28031,14,4754,0.8061108589172363
28031,15,421,0.8050713539123535
28031,16,31874,0.805027186870575
28031,17,31114,0.8044571280479431
28031,18,7466,0.8016980886459351
28031,19,28259,0.8009338974952698
28031,20,9853,0.8008756637573242
28031,21,1365,0.8008462190628052
28031,22,25244,0.8007504343986511
28031,23,35864,0.800454318523407
28031,24,32092,0.7989547252655029
28031,25,37977,0.7965214252471924
28031,26,1809,0.7937986850738525
28031,27,37035,0.789908230304718
28031,28,11605,0.7866594791412354
28031,29,819,0.7858837246894836
28031,30,24498,0.778549313545227
28031,31,34407,0.2975558340549469
819,1,7539,0.8181516528129578
819,2,421,0.8176847696304321
819,3,14802,0.8163881301879883
819,4,1365,0.8147878050804138
819,5,36874,0.8140384554862976
819,6,13406,0.8138949871063232
819,7,31874,0.8126490116119385
819,8,1809,0.8116099834442139
819,9,4754,0.8112001419067383
819,10,36536,0.8095512390136719
819,11,23144,0.8085114359855652
819,12,9598,0.8077327609062195
819,13,3910,0.8075137734413147
819,14,249,0.8047844767570496
819,15,35864,0.804117739200592
819,16,28549,0.8033041954040527
819,17,7466,0.8028205037117004
819,18,35080,0.8020960688591003
819,19,2956,0.8008326292037964
819,20,25244,0.7981175184249878
819,21,11605,0.7978070974349976
819,22,28259,0.7974079251289368
819,23,29625,0.7973238825798035
819,24,37035,0.7912144064903259
819,25,28031,0.7897685766220093
819,26,9853,0.7891064286231995
819,27,32092,0.7875211238861084
819,28,37977,0.7855730056762695
819,29,24498,0.7834388017654419
819,30,31114,0.7816381454467773
819,31,34407,0.30799999833106995
7539,1,421,0.8230797648429871
7539,2,14802,0.8173632025718689
7539,3,1365,0.8147186040878296
7539,4,4754,0.8120324611663818
7539,5,36874,0.8091859221458435
7539,6,13406,0.8061379194259644
7539,7,3910,0.8051708340644836
7539,8,7466,0.8012970089912415
7539,9,1809,0.8005435466766357
7539,10,249,0.800261914730072
7539,11,36536,0.7980104088783264
7539,12,23144,0.7946075201034546
7539,13,35080,0.794492244720459
7539,14,28549,0.7942330241203308
7539,15,29625,0.7939092516899109
7539,16,35864,0.7914193272590637
7539,17,31874,0.7896780967712402
7539,18,24498,0.7887818813323975
7539,19,9853,0.7885372638702393
7539,20,9598,0.7884485721588135
7539,21,2956,0.7882856726646423
7539,22,25244,0.788083553314209
7539,23,32092,0.7843695282936096
7539,24,11605,0.7817241549491882
7539,25,28259,0.7783764004707336
7539,26,37035,0.7775758504867554
7539,27,28031,0.7744260430335999
7539,28,37977,0.77339106798172
7539,29,31114,0.7721098065376282
7539,30,819,0.7700105309486389
7539,31,34407,0.2899489402770996
421,1,7539,0.836953341960907
421,2,14802,0.8262110352516174
421,3,1365,0.8243809938430786
421,4,4754,0.8210092186927795
421,5,3910,0.8124282360076904
421,6,13406,0.8109863996505737
421,7,36874,0.8108353614807129
421,8,1809,0.8103225827217102
421,9,249,0.8083390593528748
421,10,7466,0.803925096988678
421,11,36536,0.8023034930229187
421,12,23144,0.8001816272735596
421,13,35864,0.7997033596038818
421,14,28549,0.7968817353248596
421,15,24498,0.7953658699989319
421,16,25244,0.7932616472244263
421,17,35080,0.7920888066291809
421,18,29625,0.7911223769187927
421,19,31874,0.7900776863098145
421,20,2956,0.7899402379989624
421,21,9598,0.7879355549812317
421,22,9853,0.787693977355957
421,23,819,0.7848671078681946
421,24,11605,0.7823770642280579
421,25,32092,0.7805393934249878
421,26,28259,0.778038740158081
421,27,37035,0.7724231481552124
421,28,37977,0.7706647515296936
421,29,28031,0.7704919576644897
421,30,31114,0.7685369253158569
421,31,34407,0.2841418385505676
31874,1,36874,0.8193255066871643
31874,2,7539,0.8181442618370056
31874,3,23144,0.8133517503738403
31874,4,36536,0.8132421374320984
31874,5,11605,0.8128904700279236
31874,6,35080,0.8113408088684082
31874,7,4754,0.8111220598220825
31874,8,32092,0.8098928332328796
31874,9,29625,0.8091977834701538
31874,10,13406,0.8088712692260742
31874,11,2956,0.8087592720985413
31874,12,1809,0.808579683303833
31874,13,14802,0.8075870871543884
31874,14,1365,0.8075370788574219
31874,15,9853,0.8071617484092712
31874,16,28549,0.8070558905601501
31874,17,421,0.8066505193710327
31874,18,3910,0.8061817288398743
31874,19,35864,0.8044816255569458
31874,20,7466,0.8033617734909058
31874,21,25244,0.8018832206726074
31874,22,249,0.800965428352356
31874,23,28031,0.8008934259414673
31874,24,37035,0.7997227907180786
31874,25,31114,0.799708366394043
31874,26,37977,0.7974860072135925
31874,27,24498,0.7973973155021667
31874,28,9598,0.7963695526123047
31874,29,28259,0.7930540442466736
31874,30,819,0.7881852388381958
31874,31,34407,0.29853326082229614
36874,1,7539,0.8094019889831543
36874,2,4754,0.8054138422012329
36874,3,14802,0.805067241191864
36874,4,29625,0.8035304546356201
36874,5,36536,0.8017039895057678
36874,6,421,0.8016313910484314
36874,7,3910,0.8011773824691772
36874,8,7466,0.799895703792572
36874,9,13406,0.7983844876289368
36874,10,1365,0.797096312046051
36874,11,28549,0.7955675721168518
36874,12,35080,0.7953027486801147
36874,13,25244,0.7918146252632141
36874,14,32092,0.7917260527610779
36874,15,1809,0.7915812134742737
36874,16,35864,0.7905023097991943
36874,17,2956,0.7883283495903015
36874,18,23144,0.7881305813789368
36874,19,31874,0.7877361178398132
36874,20,28259,0.7861892580986023
36874,21,9853,0.7854271531105042
36874,22,249,0.7853304147720337
36874,23,9598,0.7818403840065002
36874,24,37035,0.7814976572990417
36874,25,28031,0.7773287892341614
36874,26,31114,0.7768824100494385
36874,27,24498,0.773969292640686
36874,28,11605,0.7739062309265137
36874,29,37977,0.7706682682037354
36874,30,819,0.7620115280151367
36874,31,34407,0.2544764280319214
35080,1,36874,0.8199160695075989
35080,2,7539,0.8151167035102844
35080,3,7466,0.8131494522094727
35080,4,4754,0.8119465708732605
35080,5,14802,0.8118990659713745
35080,6,36536,0.807605504989624
35080,7,13406,0.806708574295044
35080,8,1365,0.80662602186203
35080,9,1809,0.8057805895805359
35080,10,29625,0.8054838180541992
35080,11,3910,0.8038666248321533
35080,12,25244,0.8024978637695312
35080,13,32092,0.8023369312286377
35080,14,421,0.802081823348999
35080,15,37035,0.8016672730445862
35080,16,31874,0.800402820110321
35080,17,23144,0.8001083135604858
35080,18,28549,0.8000974655151367
35080,19,35864,0.7981169819831848
35080,20,9853,0.7972410917282104
35080,21,31114,0.7971370220184326
35080,22,2956,0.7970815896987915
35080,23,249,0.7940821647644043
35080,24,28031,0.793932318687439
35080,25,37977,0.7923030853271484
35080,26,24498,0.7909616231918335
35080,27,28259,0.7854723930358887
35080,28,11605,0.7848042249679565
35080,29,9598,0.7833545804023743
35080,30,819,0.7675148248672485
35080,31,34407,0.2892754375934601
9598,1,14802,0.818448007106781
9598,2,7539,0.8164036870002747
9598,3,36874,0.815005362033844
9598,4,28031,0.814643919467926
9598,5,28549,0.8145685195922852
9598,6,13406,0.8112043142318726
9598,7,36536,0.8092425465583801
9598,8,29625,0.8081490993499756
9598,9,249,0.8071977496147156
9598,10,1365,0.8070400357246399
9598,11,23144,0.8068233132362366
9598,12,4754,0.8066311478614807
9598,13,35080,0.8035446405410767
9598,14,421,0.8034667372703552
9598,15,31874,0.8034021258354187
9598,16,25244,0.8026680946350098
9598,17,3910,0.802377462387085
9598,18,28259,0.8017407655715942
9598,19,2956,0.800273597240448
9598,20,7466,0.7995762228965759
9598,21,1809,0.7995316386222839
9598,22,31114,0.7993968725204468
9598,23,9853,0.7993118762969971
9598,24,35864,0.7985027432441711
9598,25,37977,0.7962418794631958
9598,26,11605,0.7930384278297424
9598,27,32092,0.7928155660629272
9598,28,819,0.7890124917030334
9598,29,37035,0.7876701354980469
9598,30,24498,0.7860397100448608
9598,31,34407,0.3445998430252075
9853,1,7539,0.8193828463554382
9853,2,36874,0.8189189434051514
9853,3,1365,0.8150844573974609
9853,4,14802,0.8131382465362549
9853,5,29625,0.8128498196601868
9853,6,36536,0.8118981122970581
9853,7,4754,0.8116825819015503
9853,8,31874,0.8113594651222229
9853,9,13406,0.8101838231086731
9853,10,1809,0.8095754981040955
9853,11,28549,0.8089807629585266
9853,12,7466,0.808957040309906
9853,13,35864,0.8083550333976746
9853,14,25244,0.8078335523605347
9853,15,3910,0.8072249293327332
9853,16,2956,0.8065894246101379
9853,17,421,0.8063591718673706
9853,18,35080,0.805709719657898
9853,19,31114,0.8048270344734192
9853,20,32092,0.8039452433586121
9853,21,23144,0.8026041984558105
9853,22,11605,0.8014997243881226
9853,23,37035,0.8012368679046631
9853,24,24498,0.8004019260406494
9853,25,249,0.7968308925628662
9853,26,9598,0.7962815165519714
9853,27,28259,0.7941848635673523
9853,28,819,0.7902093529701233
9853,29,37977,0.7859870195388794
9853,30,28031,0.785514771938324
9853,31,34407,0.2452394962310791
28259,1,36874,0.8117944002151489
28259,2,7539,0.809528112411499
28259,3,29625,0.8018224239349365
28259,4,13406,0.8016847968101501
28259,5,14802,0.8015515208244324
28259,6,421,0.7999975681304932
28259,7,1809,0.7994595766067505
28259,8,31874,0.7993299961090088
28259,9,4754,0.7984758019447327
28259,10,36536,0.797869861125946
28259,11,3910,0.7977154850959778
28259,12,9853,0.7971205711364746
28259,13,32092,0.7968543767929077
28259,14,7466,0.7966516017913818
28259,15,28549,0.7960650324821472
28259,16,9598,0.7955907583236694
28259,17,35080,0.7951343059539795
28259,18,1365,0.7917382121086121
28259,19,25244,0.7910795211791992
28259,20,31114,0.7907117605209351
28259,21,35864,0.7903870344161987
28259,22,23144,0.7898154258728027
28259,23,37035,0.7894675731658936
28259,24,2956,0.7883546948432922
28259,25,28031,0.7830234169960022
28259,26,249,0.7815609574317932
28259,27,11605,0.7784894704818726
28259,28,24498,0.7771740555763245
28259,29,37977,0.7738521099090576
28259,30,819,0.7721972465515137
28259,31,34407,0.255948007106781
1365,1,7539,0.8305385112762451
1365,2,14802,0.8240025639533997
1365,3,421,0.8234624862670898
1365,4,4754,0.8163169622421265
1365,5,36874,0.8113120794296265
1365,6,3910,0.811080276966095
1365,7,13406,0.8099688291549683
1365,8,1809,0.8089780807495117
1365,9,7466,0.8059228658676147
1365,10,23144,0.8022621273994446
1365,11,28549,0.8017935156822205
1365,12,36536,0.8014999032020569
1365,13,35080,0.8006471991539001
1365,14,24498,0.7994052171707153
1365,15,29625,0.799263060092926
1365,16,31874,0.7968111634254456
1365,17,249,0.7966318130493164
1365,18,2956,0.7953030467033386
1365,19,9853,0.7945563793182373
1365,20,35864,0.7942491173744202
1365,21,25244,0.794086754322052
1365,22,11605,0.7905954718589783
1365,23,9598,0.7880067229270935
1365,24,32092,0.7867389917373657
1365,25,819,0.785442590713501
1365,26,37035,0.7831911444664001
1365,27,28259,0.7785382270812988
1365,28,28031,0.7777050733566284
1365,29,37977,0.7769144177436829
1365,30,31114,0.7759340405464172
1365,31,34407,0.29343366622924805
7466,1,7539,0.8089877963066101
7466,2,36874,0.8070033192634583
7466,3,4754,0.7999467849731445
7466,4,421,0.7995970249176025
7466,5,14802,0.7976731061935425
7466,6,1365,0.7969342470169067
7466,7,29625,0.7952243089675903
7466,8,3910,0.7951921820640564
7466,9,36536,0.7936937808990479
7466,10,35080,0.7934567332267761
7466,11,13406,0.7927864789962769
7466,12,35864,0.7891408205032349
7466,13,32092,0.7885445356369019
7466,14,28549,0.7883539795875549
7466,15,1809,0.7870714664459229
7466,16,25244,0.7853519916534424
7466,17,31874,0.7851979732513428
7466,18,9853,0.783122181892395
7466,19,2956,0.780602216720581
7466,20,28259,0.7785320281982422
7466,21,37035,0.7778369784355164
7466,22,23144,0.7774384021759033
7466,23,24498,0.7768319845199585
7466,24,9598,0.7751058340072632
7466,25,11605,0.7738445997238159
7466,26,249,0.7738106846809387
7466,27,31114,0.7710759043693542
7466,28,28031,0.7617438435554504
7466,29,37977,0.7605453729629517
7466,30,819,0.7583733797073364
7466,31,34407,0.26796838641166687
31114,1,7539,0.8162947297096252
31114,2,36874,0.8158171772956848
31114,3,14802,0.8135195374488831
31114,4,35080,0.8130483031272888
31114,5,13406,0.8111443519592285
31114,6,29625,0.8077529668807983
31114,7,7466,0.8070308566093445
31114,8,9853,0.8063262701034546
31114,9,4754,0.8053478598594666
31114,10,28031,0.8045697808265686
31114,11,3910,0.8043043613433838
31114,12,36536,0.803615927696228
31114,13,249,0.8019439578056335
31114,14,32092,0.8017923831939697
31114,15,2956,0.8012107610702515
31114,16,31874,0.8007588386535645
31114,17,1365,0.79952472448349
31114,18,421,0.7985942959785461
31114,19,1809,0.7980555295944214
31114,20,28259,0.798041820526123
31114,21,9598,0.7963687181472778
31114,22,25244,0.7957080602645874
31114,23,28549,0.7946373820304871
31114,24,23144,0.7937703728675842
31114,25,35864,0.7901473045349121
31114,26,11605,0.7898690700531006
31114,27,37035,0.7893455624580383
31114,28,37977,0.7887470126152039
31114,29,24498,0.7831057906150818
31114,30,819,0.7669575214385986
31114,31,34407,0.32062000036239624
